name,url,remote_testing,adaptive_irt,test_type,description
Global Skills Development Report,https://www.shl.com/solutions/products/product-catalog/view/global-skills-development-report/,True,False,AEBCDP,SHL assessment for evaluating Global Skills Development Report. Test type: AEBCDP
.NET Framework 4.5,https://www.shl.com/solutions/products/product-catalog/view/net-framework-4-5/,True,True,K,SHL assessment for evaluating .NET Framework 4.5. Test type: K
.NET MVC (New),https://www.shl.com/solutions/products/product-catalog/view/net-mvc-new/,True,False,K,SHL assessment for evaluating .NET MVC (New). Test type: K
.NET MVVM (New),https://www.shl.com/solutions/products/product-catalog/view/net-mvvm-new/,True,False,K,SHL assessment for evaluating .NET MVVM (New). Test type: K
.NET WCF (New),https://www.shl.com/solutions/products/product-catalog/view/net-wcf-new/,True,False,K,SHL assessment for evaluating .NET WCF (New). Test type: K
.NET WPF (New),https://www.shl.com/solutions/products/product-catalog/view/net-wpf-new/,True,False,K,SHL assessment for evaluating .NET WPF (New). Test type: K
.NET XAML (New),https://www.shl.com/solutions/products/product-catalog/view/net-xaml-new/,True,False,K,SHL assessment for evaluating .NET XAML (New). Test type: K
Accounts Payable (New),https://www.shl.com/solutions/products/product-catalog/view/accounts-payable-new/,True,False,K,SHL assessment for evaluating Accounts Payable (New). Test type: K
Accounts Payable Simulation (New),https://www.shl.com/solutions/products/product-catalog/view/accounts-payable-simulation-new/,True,False,S,SHL assessment for evaluating Accounts Payable Simulation (New). Test type: S
Accounts Receivable (New),https://www.shl.com/solutions/products/product-catalog/view/accounts-receivable-new/,True,False,K,SHL assessment for evaluating Accounts Receivable (New). Test type: K
Accounts Receivable Simulation (New),https://www.shl.com/solutions/products/product-catalog/view/accounts-receivable-simulation-new/,True,False,S,SHL assessment for evaluating Accounts Receivable Simulation (New). Test type: S
ADO.NET (New),https://www.shl.com/solutions/products/product-catalog/view/ado-net-new/,True,False,K,SHL assessment for evaluating ADO.NET (New). Test type: K
Adobe Experience Manager (New),https://www.shl.com/solutions/products/product-catalog/view/adobe-experience-manager-new/,True,False,K,SHL assessment for evaluating Adobe Experience Manager (New). Test type: K
Adobe Photoshop CC,https://www.shl.com/solutions/products/product-catalog/view/adobe-photoshop-cc/,True,True,K,SHL assessment for evaluating Adobe Photoshop CC. Test type: K
Aeronautical Engineering (New),https://www.shl.com/solutions/products/product-catalog/view/aeronautical-engineering-new/,True,False,K,SHL assessment for evaluating Aeronautical Engineering (New). Test type: K
Aerospace Engineering (New),https://www.shl.com/solutions/products/product-catalog/view/aerospace-engineering-new/,True,False,K,SHL assessment for evaluating Aerospace Engineering (New). Test type: K
Agile Software Development,https://www.shl.com/solutions/products/product-catalog/view/agile-software-development/,True,False,K,SHL assessment for evaluating Agile Software Development. Test type: K
Agile Testing (New),https://www.shl.com/solutions/products/product-catalog/view/agile-testing-new/,True,False,K,SHL assessment for evaluating Agile Testing (New). Test type: K
AI Skills,https://www.shl.com/solutions/products/product-catalog/view/ai-skills/,True,False,P,SHL assessment for evaluating AI Skills. Test type: P
Amazon Web Services (AWS) Development (New),https://www.shl.com/solutions/products/product-catalog/view/amazon-web-services-aws-development-new/,True,False,K,SHL assessment for evaluating Amazon Web Services (AWS) Development (New). Test type: K
Android Development (New),https://www.shl.com/solutions/products/product-catalog/view/android-development-new/,True,False,K,SHL assessment for evaluating Android Development (New). Test type: K
Angular 6 (New),https://www.shl.com/solutions/products/product-catalog/view/angular-6-new/,True,False,K,SHL assessment for evaluating Angular 6 (New). Test type: K
AngularJS (New),https://www.shl.com/solutions/products/product-catalog/view/angularjs-new/,True,False,K,SHL assessment for evaluating AngularJS (New). Test type: K
Apache Hadoop (New),https://www.shl.com/solutions/products/product-catalog/view/apache-hadoop-new/,True,False,K,SHL assessment for evaluating Apache Hadoop (New). Test type: K
Apache Hadoop Extensions (New),https://www.shl.com/solutions/products/product-catalog/view/apache-hadoop-extensions-new/,True,False,K,SHL assessment for evaluating Apache Hadoop Extensions (New). Test type: K
Apache HBase (New),https://www.shl.com/solutions/products/product-catalog/view/apache-hbase-new/,True,False,K,SHL assessment for evaluating Apache HBase (New). Test type: K
Apache Hive (New),https://www.shl.com/solutions/products/product-catalog/view/apache-hive-new/,True,False,K,SHL assessment for evaluating Apache Hive (New). Test type: K
Apache Kafka (New),https://www.shl.com/solutions/products/product-catalog/view/apache-kafka-new/,True,False,K,SHL assessment for evaluating Apache Kafka (New). Test type: K
Apache Pig (New),https://www.shl.com/solutions/products/product-catalog/view/apache-pig-new/,True,False,K,SHL assessment for evaluating Apache Pig (New). Test type: K
Apache Spark (New),https://www.shl.com/solutions/products/product-catalog/view/apache-spark-new/,True,False,K,SHL assessment for evaluating Apache Spark (New). Test type: K
ASP .NET with C# (New),https://www.shl.com/solutions/products/product-catalog/view/asp-net-with-c-new/,True,False,K,SHL assessment for evaluating ASP .NET with C# (New). Test type: K
ASP.NET 4.5,https://www.shl.com/solutions/products/product-catalog/view/asp-net-4-5/,True,True,K,SHL assessment for evaluating ASP.NET 4.5. Test type: K
Assessment and Development Center Exercises,https://www.shl.com/solutions/products/product-catalog/view/assessment-and-development-center-exercises/,True,False,E,SHL assessment for evaluating Assessment and Development Center Exercises. Test type: E
Automata - Fix (New),https://www.shl.com/solutions/products/product-catalog/view/automata-fix-new/,True,False,S,SHL assessment for evaluating Automata - Fix (New). Test type: S
Automata - SQL (New),https://www.shl.com/solutions/products/product-catalog/view/automata-sql-new/,True,False,S,SHL assessment for evaluating Automata - SQL (New). Test type: S
Automata (New),https://www.shl.com/solutions/products/product-catalog/view/automata-new/,True,False,S,SHL assessment for evaluating Automata (New). Test type: S
Automata Data Science (New),https://www.shl.com/solutions/products/product-catalog/view/automata-data-science-new/,True,False,S,SHL assessment for evaluating Automata Data Science (New). Test type: S
Automata Data Science Pro (New),https://www.shl.com/solutions/products/product-catalog/view/automata-data-science-pro-new/,True,False,S,SHL assessment for evaluating Automata Data Science Pro (New). Test type: S
Automata Front End,https://www.shl.com/solutions/products/product-catalog/view/automata-front-end/,True,False,S,SHL assessment for evaluating Automata Front End. Test type: S
Automata Pro (New),https://www.shl.com/solutions/products/product-catalog/view/automata-pro-new/,True,False,S,SHL assessment for evaluating Automata Pro (New). Test type: S
Automata Selenium,https://www.shl.com/solutions/products/product-catalog/view/automata-selenium/,True,False,S,SHL assessment for evaluating Automata Selenium. Test type: S
Automation Anywhere RPA Development (New),https://www.shl.com/solutions/products/product-catalog/view/automation-anywhere-rpa-development-new/,True,False,K,SHL assessment for evaluating Automation Anywhere RPA Development (New). Test type: K
Automotive Engineering (New),https://www.shl.com/solutions/products/product-catalog/view/automotive-engineering-new/,True,False,K,SHL assessment for evaluating Automotive Engineering (New). Test type: K
Basic Biology (New),https://www.shl.com/solutions/products/product-catalog/view/basic-biology-new/,True,False,K,SHL assessment for evaluating Basic Biology (New). Test type: K
Basic Computer Literacy (Windows 10) (New),https://www.shl.com/solutions/products/product-catalog/view/basic-computer-literacy-windows-10-new/,True,False,SK,SHL assessment for evaluating Basic Computer Literacy (Windows 10) (New). Test type: SK
Basic Statistics (New),https://www.shl.com/solutions/products/product-catalog/view/basic-statistics-new/,True,False,K,SHL assessment for evaluating Basic Statistics (New). Test type: K
Biochemistry (New),https://www.shl.com/solutions/products/product-catalog/view/biochemistry-new/,True,False,K,SHL assessment for evaluating Biochemistry (New). Test type: K
Biotech Lab Techniques (New),https://www.shl.com/solutions/products/product-catalog/view/biotech-lab-techniques-new/,True,False,K,SHL assessment for evaluating Biotech Lab Techniques (New). Test type: K
BizTalk (New),https://www.shl.com/solutions/products/product-catalog/view/biztalk-new/,True,False,K,SHL assessment for evaluating BizTalk (New). Test type: K
Business Communication (adaptive),https://www.shl.com/solutions/products/product-catalog/view/business-communication-adaptive/,True,True,K,SHL assessment for evaluating Business Communication (adaptive). Test type: K
Business Communications,https://www.shl.com/solutions/products/product-catalog/view/business-communications/,True,False,K,SHL assessment for evaluating Business Communications. Test type: K
C Programming (New),https://www.shl.com/solutions/products/product-catalog/view/c-programming-new/,True,False,K,SHL assessment for evaluating C Programming (New). Test type: K
C# Programming (New),https://www.shl.com/solutions/products/product-catalog/view/c-programming-new-4039/,True,False,K,SHL assessment for evaluating C# Programming (New). Test type: K
C++ Programming (New),https://www.shl.com/solutions/products/product-catalog/view/c-programming-new-4122/,True,False,K,SHL assessment for evaluating C++ Programming (New). Test type: K
Cardiology and Diabetes Management (New),https://www.shl.com/solutions/products/product-catalog/view/cardiology-and-diabetes-management-new/,True,False,K,SHL assessment for evaluating Cardiology and Diabetes Management (New). Test type: K
Ceramic Engineering (New),https://www.shl.com/solutions/products/product-catalog/view/ceramic-engineering-new/,True,False,K,SHL assessment for evaluating Ceramic Engineering (New). Test type: K
Chemical Engineering (New),https://www.shl.com/solutions/products/product-catalog/view/chemical-engineering-new/,True,False,K,SHL assessment for evaluating Chemical Engineering (New). Test type: K
Cisco AppDynamics (New),https://www.shl.com/solutions/products/product-catalog/view/cisco-appdynamics-new/,True,False,K,SHL assessment for evaluating Cisco AppDynamics (New). Test type: K
Civil Engineering (New),https://www.shl.com/solutions/products/product-catalog/view/civil-engineering-new/,True,False,K,SHL assessment for evaluating Civil Engineering (New). Test type: K
Cloud Computing (New),https://www.shl.com/solutions/products/product-catalog/view/cloud-computing-new/,True,False,K,SHL assessment for evaluating Cloud Computing (New). Test type: K
COBOL Programming (New),https://www.shl.com/solutions/products/product-catalog/view/cobol-programming-new/,True,False,K,SHL assessment for evaluating COBOL Programming (New). Test type: K
Computer Science (New),https://www.shl.com/solutions/products/product-catalog/view/computer-science-new/,True,False,K,SHL assessment for evaluating Computer Science (New). Test type: K
Contact Center Call Simulation (New),https://www.shl.com/solutions/products/product-catalog/view/contact-center-call-simulation-new/,True,False,S,SHL assessment for evaluating Contact Center Call Simulation (New). Test type: S
Conversational Multichat Simulation,https://www.shl.com/solutions/products/product-catalog/view/conversational-multichat-simulation/,True,False,S,SHL assessment for evaluating Conversational Multichat Simulation. Test type: S
Core Java (Advanced Level) (New),https://www.shl.com/solutions/products/product-catalog/view/core-java-advanced-level-new/,True,False,K,SHL assessment for evaluating Core Java (Advanced Level) (New). Test type: K
Core Java (Entry Level) (New),https://www.shl.com/solutions/products/product-catalog/view/core-java-entry-level-new/,True,False,K,SHL assessment for evaluating Core Java (Entry Level) (New). Test type: K
Count Out The Money,https://www.shl.com/solutions/products/product-catalog/view/count-out-the-money/,True,True,KS,SHL assessment for evaluating Count Out The Money. Test type: KS
CSS3 (New),https://www.shl.com/solutions/products/product-catalog/view/css3-new/,True,False,K,SHL assessment for evaluating CSS3 (New). Test type: K
Culinary Skills (New),https://www.shl.com/solutions/products/product-catalog/view/culinary-skills-new/,True,False,K,SHL assessment for evaluating Culinary Skills (New). Test type: K
Customer Service Phone Simulation,https://www.shl.com/solutions/products/product-catalog/view/customer-service-phone-simulation/,True,False,BS,SHL assessment for evaluating Customer Service Phone Simulation. Test type: BS
Customer Service Phone Solution,https://www.shl.com/solutions/products/product-catalog/view/customer-service-phone-solution/,True,False,BPS,SHL assessment for evaluating Customer Service Phone Solution. Test type: BPS
Cyber Risk (New),https://www.shl.com/solutions/products/product-catalog/view/cyber-risk-new/,True,False,K,SHL assessment for evaluating Cyber Risk (New). Test type: K
Data Entry (New),https://www.shl.com/solutions/products/product-catalog/view/data-entry-new/,True,False,S,SHL assessment for evaluating Data Entry (New). Test type: S
Data Entry Alphanumeric Split Screen - US,https://www.shl.com/solutions/products/product-catalog/view/data-entry-alphanumeric-split-screen-us/,True,False,K,SHL assessment for evaluating Data Entry Alphanumeric Split Screen - US. Test type: K
Data Entry Numeric Split Screen - US,https://www.shl.com/solutions/products/product-catalog/view/data-entry-numeric-split-screen-us/,True,False,K,SHL assessment for evaluating Data Entry Numeric Split Screen - US. Test type: K
Data Entry Ten Key Split Screen,https://www.shl.com/solutions/products/product-catalog/view/data-entry-ten-key-split-screen/,True,False,K,SHL assessment for evaluating Data Entry Ten Key Split Screen. Test type: K
Data Science (New),https://www.shl.com/solutions/products/product-catalog/view/data-science-new/,True,False,K,SHL assessment for evaluating Data Science (New). Test type: K
Data Warehousing Concepts,https://www.shl.com/solutions/products/product-catalog/view/data-warehousing-concepts/,True,True,K,SHL assessment for evaluating Data Warehousing Concepts. Test type: K
Dependability and Safety Instrument (DSI),https://www.shl.com/solutions/products/product-catalog/view/dependability-and-safety-instrument-dsi/,True,False,P,SHL assessment for evaluating Dependability and Safety Instrument (DSI). Test type: P
Dermatology (New),https://www.shl.com/solutions/products/product-catalog/view/dermatology-new/,True,False,K,SHL assessment for evaluating Dermatology (New). Test type: K
Desktop Support (New),https://www.shl.com/solutions/products/product-catalog/view/desktop-support-new/,True,False,K,SHL assessment for evaluating Desktop Support (New). Test type: K
Digital Advertising (New),https://www.shl.com/solutions/products/product-catalog/view/digital-advertising-new/,True,False,K,SHL assessment for evaluating Digital Advertising (New). Test type: K
Digital Readiness Development Report - IC,https://www.shl.com/solutions/products/product-catalog/view/digital-readiness-development-report/,True,False,P,SHL assessment for evaluating Digital Readiness Development Report - IC. Test type: P
Digital Readiness Development Report - Manager,https://www.shl.com/solutions/products/product-catalog/view/digital-readiness-development-report-manager/,True,False,P,SHL assessment for evaluating Digital Readiness Development Report - Manager. Test type: P
Docker (New),https://www.shl.com/solutions/products/product-catalog/view/docker-new/,True,False,K,SHL assessment for evaluating Docker (New). Test type: K
Dojo (New),https://www.shl.com/solutions/products/product-catalog/view/dojo-new/,True,False,K,SHL assessment for evaluating Dojo (New). Test type: K
Drupal (New),https://www.shl.com/solutions/products/product-catalog/view/drupal-new/,True,False,K,SHL assessment for evaluating Drupal (New). Test type: K
DSI v1.1 Interpretation Report,https://www.shl.com/solutions/products/product-catalog/view/dsi-v1-1-interpretation-report/,True,False,P,SHL assessment for evaluating DSI v1.1 Interpretation Report. Test type: P
Econometrics (New),https://www.shl.com/solutions/products/product-catalog/view/econometrics-new/,True,False,K,SHL assessment for evaluating Econometrics (New). Test type: K
Economics (New),https://www.shl.com/solutions/products/product-catalog/view/economics-new/,True,False,K,SHL assessment for evaluating Economics (New). Test type: K
Electrical and Electronics Engineering (New),https://www.shl.com/solutions/products/product-catalog/view/electrical-and-electronics-engineering-new/,True,False,K,SHL assessment for evaluating Electrical and Electronics Engineering (New). Test type: K
Electrical Engineering (New),https://www.shl.com/solutions/products/product-catalog/view/electrical-engineering-new/,True,False,K,SHL assessment for evaluating Electrical Engineering (New). Test type: K
Electronics & Telecommunications Engineering (New),https://www.shl.com/solutions/products/product-catalog/view/electronics-and-telecommunications-engineering-new/,True,False,K,SHL assessment for evaluating Electronics & Telecommunications Engineering (New). Test type: K
Electronics and Embedded Systems Engineering (New),https://www.shl.com/solutions/products/product-catalog/view/electronics-and-embedded-systems-engineering-new/,True,False,K,SHL assessment for evaluating Electronics and Embedded Systems Engineering (New). Test type: K
Electronics and Semiconductor Engineering (New),https://www.shl.com/solutions/products/product-catalog/view/electronics-and-semiconductor-engineering-new/,True,False,K,SHL assessment for evaluating Electronics and Semiconductor Engineering (New). Test type: K
English Comprehension (New),https://www.shl.com/solutions/products/product-catalog/view/english-comprehension-new/,True,False,K,SHL assessment for evaluating English Comprehension (New). Test type: K
Enterprise Java Beans (New),https://www.shl.com/solutions/products/product-catalog/view/enterprise-java-beans-new/,True,False,K,SHL assessment for evaluating Enterprise Java Beans (New). Test type: K
Enterprise Leadership Report 1.0,https://www.shl.com/solutions/products/product-catalog/view/enterprise-leadership-report/,True,False,P,SHL assessment for evaluating Enterprise Leadership Report 1.0. Test type: P
Enterprise Leadership Report 2.0,https://www.shl.com/solutions/products/product-catalog/view/enterprise-leadership-report-2-0/,True,False,P,SHL assessment for evaluating Enterprise Leadership Report 2.0. Test type: P
Entry Level Cashier Solution,https://www.shl.com/solutions/products/product-catalog/view/entry-level-cashier-solution/,True,False,CP,SHL assessment for evaluating Entry Level Cashier Solution. Test type: CP
Entry Level Customer Serv-Retail & Contact Center,https://www.shl.com/solutions/products/product-catalog/view/entry-level-customer-serv-retail-and-contact-center/,True,False,PC,SHL assessment for evaluating Entry Level Customer Serv-Retail & Contact Center. Test type: PC
Entry Level Customer Service (General) Solution,https://www.shl.com/solutions/products/product-catalog/view/entry-level-customer-service-general-solution/,True,False,CP,SHL assessment for evaluating Entry Level Customer Service (General) Solution. Test type: CP
Entry Level Hotel Front Desk Solution,https://www.shl.com/solutions/products/product-catalog/view/entry-level-hotel-front-desk-solution/,True,False,CP,SHL assessment for evaluating Entry Level Hotel Front Desk Solution. Test type: CP
Entry Level Sales Solution,https://www.shl.com/solutions/products/product-catalog/view/entry-level-sales-solution/,True,False,CP,SHL assessment for evaluating Entry Level Sales Solution. Test type: CP
Entry Level Technical Support Solution,https://www.shl.com/solutions/products/product-catalog/view/entry-level-technical-support-solution/,True,False,PC,SHL assessment for evaluating Entry Level Technical Support Solution. Test type: PC
ETL Testing (New),https://www.shl.com/solutions/products/product-catalog/view/etl-testing-new/,True,False,K,SHL assessment for evaluating ETL Testing (New). Test type: K
Executive Scenarios,https://www.shl.com/solutions/products/product-catalog/view/executive-scenarios/,True,False,B,SHL assessment for evaluating Executive Scenarios. Test type: B
Executive Scenarios Narrative Report,https://www.shl.com/solutions/products/product-catalog/view/executive-scenarios-narrative-report/,True,False,B,SHL assessment for evaluating Executive Scenarios Narrative Report. Test type: B
Executive Scenarios Profile Report,https://www.shl.com/solutions/products/product-catalog/view/executive-scenarios-profile-report/,True,False,B,SHL assessment for evaluating Executive Scenarios Profile Report. Test type: B
ExpressJS (New),https://www.shl.com/solutions/products/product-catalog/view/expressjs-new/,True,False,K,SHL assessment for evaluating ExpressJS (New). Test type: K
Filing - Names (R1),https://www.shl.com/solutions/products/product-catalog/view/filing-names-r1/,True,False,K,SHL assessment for evaluating Filing - Names (R1). Test type: K
Filing - Numbers,https://www.shl.com/solutions/products/product-catalog/view/filing-numbers/,True,False,K,SHL assessment for evaluating Filing - Numbers. Test type: K
Financial Accounting (New),https://www.shl.com/solutions/products/product-catalog/view/financial-accounting-new/,True,False,K,SHL assessment for evaluating Financial Accounting (New). Test type: K
Financial and Banking Services (New),https://www.shl.com/solutions/products/product-catalog/view/financial-and-banking-services-new/,True,False,K,SHL assessment for evaluating Financial and Banking Services (New). Test type: K
Fire Engineering (New),https://www.shl.com/solutions/products/product-catalog/view/fire-engineering-new/,True,False,K,SHL assessment for evaluating Fire Engineering (New). Test type: K
Following Instructions v1 - UK (R1),https://www.shl.com/solutions/products/product-catalog/view/following-instructions-v1-uk-r1/,True,False,K,SHL assessment for evaluating Following Instructions v1 - UK (R1). Test type: K
Following Instructions v1 - US (R2),https://www.shl.com/solutions/products/product-catalog/view/following-instructions-v1-us-r2/,True,False,K,SHL assessment for evaluating Following Instructions v1 - US (R2). Test type: K
Food and Beverage Services (New),https://www.shl.com/solutions/products/product-catalog/view/food-and-beverage-services-new/,True,False,K,SHL assessment for evaluating Food and Beverage Services (New). Test type: K
Food Science (New),https://www.shl.com/solutions/products/product-catalog/view/food-science-new/,True,False,K,SHL assessment for evaluating Food Science (New). Test type: K
Front Office Management (New),https://www.shl.com/solutions/products/product-catalog/view/front-office-management-new/,True,False,K,SHL assessment for evaluating Front Office Management (New). Test type: K
Fundamentals of Chemistry (New),https://www.shl.com/solutions/products/product-catalog/view/fundamentals-of-chemistry-new/,True,False,K,SHL assessment for evaluating Fundamentals of Chemistry (New). Test type: K
Fundamentals of Physics (New),https://www.shl.com/solutions/products/product-catalog/view/fundamentals-of-physics-new/,True,False,K,SHL assessment for evaluating Fundamentals of Physics (New). Test type: K
General Diseases (New),https://www.shl.com/solutions/products/product-catalog/view/general-diseases-new/,True,False,K,SHL assessment for evaluating General Diseases (New). Test type: K
Geoinformatics Engineering (New),https://www.shl.com/solutions/products/product-catalog/view/geoinformatics-engineering-new/,True,False,K,SHL assessment for evaluating Geoinformatics Engineering (New). Test type: K
Geoscience Engineering (New),https://www.shl.com/solutions/products/product-catalog/view/geoscience-engineering-new/,True,False,K,SHL assessment for evaluating Geoscience Engineering (New). Test type: K
GIT (New),https://www.shl.com/solutions/products/product-catalog/view/git-new/,True,False,K,SHL assessment for evaluating GIT (New). Test type: K
Global Skills Assessment,https://www.shl.com/solutions/products/product-catalog/view/global-skills-assessment/,True,False,CK,SHL assessment for evaluating Global Skills Assessment. Test type: CK
Graduate Scenarios,https://www.shl.com/solutions/products/product-catalog/view/graduate-scenarios/,True,False,B,SHL assessment for evaluating Graduate Scenarios. Test type: B
Graduate Scenarios Narrative Report,https://www.shl.com/solutions/products/product-catalog/view/graduate-scenarios-narrative-report/,True,False,B,SHL assessment for evaluating Graduate Scenarios Narrative Report. Test type: B
Graduate Scenarios Profile Report,https://www.shl.com/solutions/products/product-catalog/view/graduate-scenarios-profile-report/,True,False,B,SHL assessment for evaluating Graduate Scenarios Profile Report. Test type: B
Hibernate (New),https://www.shl.com/solutions/products/product-catalog/view/hibernate-new/,True,False,K,SHL assessment for evaluating Hibernate (New). Test type: K
HIPAA (Security),https://www.shl.com/solutions/products/product-catalog/view/hipaa-security/,True,True,K,SHL assessment for evaluating HIPAA (Security). Test type: K
HiPo Assessment Report 1.0,https://www.shl.com/solutions/products/product-catalog/view/hipo-assessment-report-1-0/,True,False,CP,SHL assessment for evaluating HiPo Assessment Report 1.0. Test type: CP
HiPo Assessment Report 2.0,https://www.shl.com/solutions/products/product-catalog/view/hipo-assessment-report-2-0/,True,False,CP,SHL assessment for evaluating HiPo Assessment Report 2.0. Test type: CP
HiPo Unlocking Potential Report 2.0,https://www.shl.com/solutions/products/product-catalog/view/hipo-unlocking-potential-report-2-0/,True,False,C,SHL assessment for evaluating HiPo Unlocking Potential Report 2.0. Test type: C
Housekeeping (New),https://www.shl.com/solutions/products/product-catalog/view/housekeeping-new/,True,False,K,SHL assessment for evaluating Housekeeping (New). Test type: K
HTML/CSS (New),https://www.shl.com/solutions/products/product-catalog/view/htmlcss-new/,True,False,K,SHL assessment for evaluating HTML/CSS (New). Test type: K
HTML5 (New),https://www.shl.com/solutions/products/product-catalog/view/html5-new/,True,False,K,SHL assessment for evaluating HTML5 (New). Test type: K
Human Resources (New),https://www.shl.com/solutions/products/product-catalog/view/human-resources-new/,True,False,K,SHL assessment for evaluating Human Resources (New). Test type: K
IBM DataStage (New),https://www.shl.com/solutions/products/product-catalog/view/ibm-datastage-new/,True,False,K,SHL assessment for evaluating IBM DataStage (New). Test type: K
IBM Sterling Order Management System (New),https://www.shl.com/solutions/products/product-catalog/view/ibm-sterling-order-management-system-new/,True,False,K,SHL assessment for evaluating IBM Sterling Order Management System (New). Test type: K
Industrial Engineering (New),https://www.shl.com/solutions/products/product-catalog/view/industrial-engineering-new/,True,False,K,SHL assessment for evaluating Industrial Engineering (New). Test type: K
Informatica (Architecture) (New),https://www.shl.com/solutions/products/product-catalog/view/informatica-architecture-new/,True,False,K,SHL assessment for evaluating Informatica (Architecture) (New). Test type: K
Informatica (Developer) (New),https://www.shl.com/solutions/products/product-catalog/view/informatica-developer-new/,True,False,K,SHL assessment for evaluating Informatica (Developer) (New). Test type: K
Instrumentation Engineering (New),https://www.shl.com/solutions/products/product-catalog/view/instrumentation-engineering-new/,True,False,K,SHL assessment for evaluating Instrumentation Engineering (New). Test type: K
Interpersonal Communications,https://www.shl.com/solutions/products/product-catalog/view/interpersonal-communications/,True,True,K,SHL assessment for evaluating Interpersonal Communications. Test type: K
Interviewing and Hiring Concepts (U.S.),https://www.shl.com/solutions/products/product-catalog/view/interviewing-and-hiring-concepts-u-s/,True,True,K,SHL assessment for evaluating Interviewing and Hiring Concepts (U.S.). Test type: K
iOS Development (New),https://www.shl.com/solutions/products/product-catalog/view/ios-development-new/,True,False,K,SHL assessment for evaluating iOS Development (New). Test type: K
ITIL (IT Infrastructure Library) (New),https://www.shl.com/solutions/products/product-catalog/view/itil-it-infrastructure-library-new/,True,False,K,SHL assessment for evaluating ITIL (IT Infrastructure Library) (New). Test type: K
Java 2 Platform Enterprise Edition 1.4 Fundamental,https://www.shl.com/solutions/products/product-catalog/view/java-2-platform-enterprise-edition-1-4-fundamental/,True,True,K,SHL assessment for evaluating Java 2 Platform Enterprise Edition 1.4 Fundamental. Test type: K
Java 8 (New),https://www.shl.com/solutions/products/product-catalog/view/java-8-new/,True,False,K,SHL assessment for evaluating Java 8 (New). Test type: K
Java Design Patterns (New),https://www.shl.com/solutions/products/product-catalog/view/java-design-patterns-new/,True,False,K,SHL assessment for evaluating Java Design Patterns (New). Test type: K
Java Frameworks (New),https://www.shl.com/solutions/products/product-catalog/view/java-frameworks-new/,True,False,K,SHL assessment for evaluating Java Frameworks (New). Test type: K
Java Platform Enterprise Edition 7 (Java EE 7),https://www.shl.com/solutions/products/product-catalog/view/java-platform-enterprise-edition-7-java-ee-7/,True,True,K,SHL assessment for evaluating Java Platform Enterprise Edition 7 (Java EE 7). Test type: K
Java Web Services (New),https://www.shl.com/solutions/products/product-catalog/view/java-web-services-new/,True,False,K,SHL assessment for evaluating Java Web Services (New). Test type: K
JavaScript (New),https://www.shl.com/solutions/products/product-catalog/view/javascript-new/,True,False,K,SHL assessment for evaluating JavaScript (New). Test type: K
Jenkins (New),https://www.shl.com/solutions/products/product-catalog/view/jenkins-new/,True,False,K,SHL assessment for evaluating Jenkins (New). Test type: K
Job Control Language (New),https://www.shl.com/solutions/products/product-catalog/view/job-control-language-new/,True,False,K,SHL assessment for evaluating Job Control Language (New). Test type: K
jQuery (New),https://www.shl.com/solutions/products/product-catalog/view/jquery-new/,True,False,K,SHL assessment for evaluating jQuery (New). Test type: K
Kubernetes (New),https://www.shl.com/solutions/products/product-catalog/view/kubernetes-new/,True,False,K,SHL assessment for evaluating Kubernetes (New). Test type: K
Linux Administration (New),https://www.shl.com/solutions/products/product-catalog/view/linux-administration-new/,True,False,K,SHL assessment for evaluating Linux Administration (New). Test type: K
Linux Operating System,https://www.shl.com/solutions/products/product-catalog/view/linux-operating-system/,True,False,K,SHL assessment for evaluating Linux Operating System. Test type: K
Linux Programming (General),https://www.shl.com/solutions/products/product-catalog/view/linux-programming-general/,True,True,K,SHL assessment for evaluating Linux Programming (General). Test type: K
Load Runner (New),https://www.shl.com/solutions/products/product-catalog/view/load-runner-new/,True,False,K,SHL assessment for evaluating Load Runner (New). Test type: K
Management Scenarios,https://www.shl.com/solutions/products/product-catalog/view/management-scenarios/,True,False,B,SHL assessment for evaluating Management Scenarios. Test type: B
Managerial Scenarios Candidate Report,https://www.shl.com/solutions/products/product-catalog/view/managerial-scenarios-candidate-report/,True,False,B,SHL assessment for evaluating Managerial Scenarios Candidate Report. Test type: B
Managerial Scenarios Narrative Report,https://www.shl.com/solutions/products/product-catalog/view/managerial-scenarios-narrative-report/,True,False,B,SHL assessment for evaluating Managerial Scenarios Narrative Report. Test type: B
Managerial Scenarios Profile Report,https://www.shl.com/solutions/products/product-catalog/view/managerial-scenarios-profile-report/,True,False,B,SHL assessment for evaluating Managerial Scenarios Profile Report. Test type: B
Manual Testing (New),https://www.shl.com/solutions/products/product-catalog/view/manual-testing-new/,True,False,K,SHL assessment for evaluating Manual Testing (New). Test type: K
Manufac. & Indust. - Mechanical & Vigilance 8.0,https://www.shl.com/solutions/products/product-catalog/view/mechanical-and-vigilance-focus-8-0/,True,False,AP,SHL assessment for evaluating Manufac. & Indust. - Mechanical & Vigilance 8.0. Test type: AP
Manufac. & Indust. - Safety & Dependability 8.0,https://www.shl.com/solutions/products/product-catalog/view/safety-and-dependability-focus-8-0/,True,False,P,SHL assessment for evaluating Manufac. & Indust. - Safety & Dependability 8.0. Test type: P
Manufacturing & Industrial - Essential Focus 8.0,https://www.shl.com/solutions/products/product-catalog/view/essential-focus-8-0/,True,False,P,SHL assessment for evaluating Manufacturing & Industrial - Essential Focus 8.0. Test type: P
Manufacturing & Industrial - Mechanical Focus 8.0,https://www.shl.com/solutions/products/product-catalog/view/mechanical-focus-8-0/,True,False,AP,SHL assessment for evaluating Manufacturing & Industrial - Mechanical Focus 8.0. Test type: AP
Manufacturing & Industrial - Vigilance Focus 8.0,https://www.shl.com/solutions/products/product-catalog/view/vigilance-focus-8-0/,True,False,AP,SHL assessment for evaluating Manufacturing & Industrial - Vigilance Focus 8.0. Test type: AP
Marketing (New),https://www.shl.com/solutions/products/product-catalog/view/marketing-new/,True,False,K,SHL assessment for evaluating Marketing (New). Test type: K
Maven (New),https://www.shl.com/solutions/products/product-catalog/view/maven-new/,True,False,K,SHL assessment for evaluating Maven (New). Test type: K
Mechanical Engineering (New),https://www.shl.com/solutions/products/product-catalog/view/mechanical-engineering-new/,True,False,K,SHL assessment for evaluating Mechanical Engineering (New). Test type: K
Mechatronics Engineering (New),https://www.shl.com/solutions/products/product-catalog/view/mechatronics-engineering-new/,True,False,K,SHL assessment for evaluating Mechatronics Engineering (New). Test type: K
Medical Terminology (New),https://www.shl.com/solutions/products/product-catalog/view/medical-terminology-new/,True,False,K,SHL assessment for evaluating Medical Terminology (New). Test type: K
Metallurgical Engineering (New),https://www.shl.com/solutions/products/product-catalog/view/metallurgical-engineering-new/,True,False,K,SHL assessment for evaluating Metallurgical Engineering (New). Test type: K
MFS 360 Enterprise Leadership Report,https://www.shl.com/solutions/products/product-catalog/view/mfs-360-enterprise-leadership-report/,True,False,D,SHL assessment for evaluating MFS 360 Enterprise Leadership Report. Test type: D
MFS 360 UCF Group Report,https://www.shl.com/solutions/products/product-catalog/view/mfs-360-ucf-group-report/,True,False,D,SHL assessment for evaluating MFS 360 UCF Group Report. Test type: D
MFS 360 UCF Performance Potential Dev Tips Report,https://www.shl.com/solutions/products/product-catalog/view/mfs-360-ucf-performance-potential-dev-tips-report/,True,False,D,SHL assessment for evaluating MFS 360 UCF Performance Potential Dev Tips Report. Test type: D
MFS 360 UCF Standard Report,https://www.shl.com/solutions/products/product-catalog/view/mfs-360-ucf-standard-report/,True,False,D,SHL assessment for evaluating MFS 360 UCF Standard Report. Test type: D
Micro Focus Unified Functional Testing (New),https://www.shl.com/solutions/products/product-catalog/view/micro-focus-unified-functional-testing-new/,True,False,K,SHL assessment for evaluating Micro Focus Unified Functional Testing (New). Test type: K
Microservices (New),https://www.shl.com/solutions/products/product-catalog/view/microservices-new/,True,False,K,SHL assessment for evaluating Microservices (New). Test type: K
Microsoft Dynamics Development (New),https://www.shl.com/solutions/products/product-catalog/view/microsoft-dynamics-development-new/,True,False,K,SHL assessment for evaluating Microsoft Dynamics Development (New). Test type: K
Microsoft Excel 365 - Essentials (New),https://www.shl.com/solutions/products/product-catalog/view/microsoft-excel-365-essentials-new/,True,False,KS,SHL assessment for evaluating Microsoft Excel 365 - Essentials (New). Test type: KS
Microsoft Excel 365 (New),https://www.shl.com/solutions/products/product-catalog/view/microsoft-excel-365-new/,True,False,KS,SHL assessment for evaluating Microsoft Excel 365 (New). Test type: KS
Microsoft Outlook 2013 (adaptive),https://www.shl.com/solutions/products/product-catalog/view/microsoft-outlook-2013-adaptive/,True,True,K,SHL assessment for evaluating Microsoft Outlook 2013 (adaptive). Test type: K
Microsoft PowerPoint 365 - Essentials (New),https://www.shl.com/solutions/products/product-catalog/view/microsoft-powerpoint-365-essentials-new/,True,False,KS,SHL assessment for evaluating Microsoft PowerPoint 365 - Essentials (New). Test type: KS
Microsoft SQL Server 2014 Programming,https://www.shl.com/solutions/products/product-catalog/view/microsoft-sql-server-2014-programming/,True,True,K,SHL assessment for evaluating Microsoft SQL Server 2014 Programming. Test type: K
Microsoft Windows Server 2012 Administration,https://www.shl.com/solutions/products/product-catalog/view/microsoft-windows-server-2012-administration/,True,True,K,SHL assessment for evaluating Microsoft Windows Server 2012 Administration. Test type: K
Microsoft Word 365 - Essentials (New),https://www.shl.com/solutions/products/product-catalog/view/microsoft-word-365-essentials-new/,True,False,KS,SHL assessment for evaluating Microsoft Word 365 - Essentials (New). Test type: KS
Microsoft Word 365 (New),https://www.shl.com/solutions/products/product-catalog/view/microsoft-word-365-new/,True,False,SK,SHL assessment for evaluating Microsoft Word 365 (New). Test type: SK
Mineral Engineering (New),https://www.shl.com/solutions/products/product-catalog/view/mineral-engineering-new/,True,False,K,SHL assessment for evaluating Mineral Engineering (New). Test type: K
Mining Engineering (New),https://www.shl.com/solutions/products/product-catalog/view/mining-engineering-new/,True,False,K,SHL assessment for evaluating Mining Engineering (New). Test type: K
Mobility (New),https://www.shl.com/solutions/products/product-catalog/view/mobility-new/,True,False,K,SHL assessment for evaluating Mobility (New). Test type: K
Molecular Biology (New),https://www.shl.com/solutions/products/product-catalog/view/molecular-biology-new/,True,False,K,SHL assessment for evaluating Molecular Biology (New). Test type: K
MongoDB (New),https://www.shl.com/solutions/products/product-catalog/view/mongodb-new/,True,False,K,SHL assessment for evaluating MongoDB (New). Test type: K
Motivation Questionnaire MQM5,https://www.shl.com/solutions/products/product-catalog/view/motivation-questionnaire-mqm5/,True,False,P,SHL assessment for evaluating Motivation Questionnaire MQM5. Test type: P
MQ Candidate Motivation Report,https://www.shl.com/solutions/products/product-catalog/view/mq-candidate-motivation-report/,True,False,P,SHL assessment for evaluating MQ Candidate Motivation Report. Test type: P
MQ Employee Motivation Report,https://www.shl.com/solutions/products/product-catalog/view/mq-employee-motivation-report/,True,False,P,SHL assessment for evaluating MQ Employee Motivation Report. Test type: P
MQ Motivation Report Pack,https://www.shl.com/solutions/products/product-catalog/view/mq-motivation-report-pack/,True,False,P,SHL assessment for evaluating MQ Motivation Report Pack. Test type: P
MQ Profile,https://www.shl.com/solutions/products/product-catalog/view/mq-profile/,True,False,P,SHL assessment for evaluating MQ Profile. Test type: P
MS Access (New),https://www.shl.com/solutions/products/product-catalog/view/ms-access-new/,True,False,K,SHL assessment for evaluating MS Access (New). Test type: K
MS Excel (New),https://www.shl.com/solutions/products/product-catalog/view/ms-excel-new/,True,False,K,SHL assessment for evaluating MS Excel (New). Test type: K
MS Office Basic Computer Literacy (New),https://www.shl.com/solutions/products/product-catalog/view/ms-office-basic-computer-literacy-new/,True,False,K,SHL assessment for evaluating MS Office Basic Computer Literacy (New). Test type: K
MS Office Basic Computer Literacy (Sim) (New),https://www.shl.com/solutions/products/product-catalog/view/ms-office-basic-computer-literacy-sim-new/,True,False,S,SHL assessment for evaluating MS Office Basic Computer Literacy (Sim) (New). Test type: S
MS PowerPoint (New),https://www.shl.com/solutions/products/product-catalog/view/ms-powerpoint-new/,True,False,K,SHL assessment for evaluating MS PowerPoint (New). Test type: K
MS Word (New),https://www.shl.com/solutions/products/product-catalog/view/ms-word-new/,True,False,K,SHL assessment for evaluating MS Word (New). Test type: K
MuleSoft Development (New),https://www.shl.com/solutions/products/product-catalog/view/mulesoft-development-new/,True,False,K,SHL assessment for evaluating MuleSoft Development (New). Test type: K
Multitasking Ability,https://www.shl.com/solutions/products/product-catalog/view/multitasking-ability/,True,False,AKS,SHL assessment for evaluating Multitasking Ability. Test type: AKS
Networking and Implementation (New),https://www.shl.com/solutions/products/product-catalog/view/networking-and-implementation-new/,True,False,K,SHL assessment for evaluating Networking and Implementation (New). Test type: K
Node.js (New),https://www.shl.com/solutions/products/product-catalog/view/node-js-new/,True,False,K,SHL assessment for evaluating Node.js (New). Test type: K
Nursing (New),https://www.shl.com/solutions/products/product-catalog/view/nursing-new/,True,False,K,SHL assessment for evaluating Nursing (New). Test type: K
Occupational Personality Questionnaire OPQ32r,https://www.shl.com/solutions/products/product-catalog/view/occupational-personality-questionnaire-opq32r/,True,False,P,SHL assessment for evaluating Occupational Personality Questionnaire OPQ32r. Test type: P
Operations Management (New),https://www.shl.com/solutions/products/product-catalog/view/operations-management-new/,True,False,K,SHL assessment for evaluating Operations Management (New). Test type: K
OPQ Candidate Plus Report,https://www.shl.com/solutions/products/product-catalog/view/opq-candidate-plus-report/,True,False,P,SHL assessment for evaluating OPQ Candidate Plus Report. Test type: P
OPQ Candidate Report 2.0,https://www.shl.com/solutions/products/product-catalog/view/opq-candidate-report-2-0/,True,False,P,SHL assessment for evaluating OPQ Candidate Report 2.0. Test type: P
OPQ Emotional Intelligence Report,https://www.shl.com/solutions/products/product-catalog/view/opq-emotional-intelligence-report/,True,False,P,SHL assessment for evaluating OPQ Emotional Intelligence Report. Test type: P
OPQ Leadership Report,https://www.shl.com/solutions/products/product-catalog/view/opq-leadership-report/,True,False,P,SHL assessment for evaluating OPQ Leadership Report. Test type: P
OPQ Manager Plus Report,https://www.shl.com/solutions/products/product-catalog/view/opq-manager-plus-report/,True,False,P,SHL assessment for evaluating OPQ Manager Plus Report. Test type: P
OPQ Manager Plus Report 2.0,https://www.shl.com/solutions/products/product-catalog/view/opq-manager-plus-report-2-0/,True,False,P,SHL assessment for evaluating OPQ Manager Plus Report 2.0. Test type: P
OPQ Maximising your Learning Report,https://www.shl.com/solutions/products/product-catalog/view/opq-maximising-your-learning-report/,True,False,P,SHL assessment for evaluating OPQ Maximising your Learning Report. Test type: P
OPQ MQ Sales Report,https://www.shl.com/solutions/products/product-catalog/view/opq-mq-sales-report/,True,False,P,SHL assessment for evaluating OPQ MQ Sales Report. Test type: P
OPQ Premium Plus Report,https://www.shl.com/solutions/products/product-catalog/view/opq-premium-plus-report/,True,False,P,SHL assessment for evaluating OPQ Premium Plus Report. Test type: P
OPQ Premium Plus Report 2.0,https://www.shl.com/solutions/products/product-catalog/view/opq-premium-plus-report-2-0/,True,False,P,SHL assessment for evaluating OPQ Premium Plus Report 2.0. Test type: P
OPQ Profile Report,https://www.shl.com/solutions/products/product-catalog/view/opq-profile-report/,True,False,P,SHL assessment for evaluating OPQ Profile Report. Test type: P
OPQ Team Impact Group Development Report,https://www.shl.com/solutions/products/product-catalog/view/opq-team-impact-group-development-report/,True,False,P,SHL assessment for evaluating OPQ Team Impact Group Development Report. Test type: P
OPQ Team Impact Individual Development Report,https://www.shl.com/solutions/products/product-catalog/view/opq-team-impact-individual-development-report/,True,False,P,SHL assessment for evaluating OPQ Team Impact Individual Development Report. Test type: P
OPQ Team Impact Selection Report,https://www.shl.com/solutions/products/product-catalog/view/opq-team-impact-selection-report/,True,False,P,SHL assessment for evaluating OPQ Team Impact Selection Report. Test type: P
OPQ Team Types & Leadership Styles Profile,https://www.shl.com/solutions/products/product-catalog/view/opq-team-types-and-leadership-styles-profile/,True,False,P,SHL assessment for evaluating OPQ Team Types & Leadership Styles Profile. Test type: P
OPQ Team Types and Leadership Styles Report,https://www.shl.com/solutions/products/product-catalog/view/opq-team-types-and-leadership-styles-report/,True,False,P,SHL assessment for evaluating OPQ Team Types and Leadership Styles Report. Test type: P
OPQ UCF Development Action Planner Report 1.0,https://www.shl.com/solutions/products/product-catalog/view/opq-ucf-development-action-planner-report/,True,False,P,SHL assessment for evaluating OPQ UCF Development Action Planner Report 1.0. Test type: P
OPQ UCF Development Action Planner Report 2.0,https://www.shl.com/solutions/products/product-catalog/view/opq-ucf-development-action-planner-report-2-0/,True,False,P,SHL assessment for evaluating OPQ UCF Development Action Planner Report 2.0. Test type: P
OPQ Universal Competency Report 1.0,https://www.shl.com/solutions/products/product-catalog/view/opq-universal-competency-report/,True,False,P,SHL assessment for evaluating OPQ Universal Competency Report 1.0. Test type: P
OPQ Universal Competency Report 2.0,https://www.shl.com/solutions/products/product-catalog/view/opq-universal-competency-report-2-0/,True,False,P,SHL assessment for evaluating OPQ Universal Competency Report 2.0. Test type: P
OPQ User and Managers Report,https://www.shl.com/solutions/products/product-catalog/view/opq-user-and-managers-report/,True,False,P,SHL assessment for evaluating OPQ User and Managers Report. Test type: P
OPQ User Report,https://www.shl.com/solutions/products/product-catalog/view/opq-user-report/,True,False,PS,SHL assessment for evaluating OPQ User Report. Test type: PS
Oracle DBA (Advanced Level) (New),https://www.shl.com/solutions/products/product-catalog/view/oracle-dba-advanced-level-new/,True,False,K,SHL assessment for evaluating Oracle DBA (Advanced Level) (New). Test type: K
Oracle DBA (Entry Level) (New),https://www.shl.com/solutions/products/product-catalog/view/oracle-dba-entry-level-new/,True,False,K,SHL assessment for evaluating Oracle DBA (Entry Level) (New). Test type: K
Oracle PL/SQL (New),https://www.shl.com/solutions/products/product-catalog/view/oracle-plsql-new/,True,False,K,SHL assessment for evaluating Oracle PL/SQL (New). Test type: K
Oracle WebLogic Server (New),https://www.shl.com/solutions/products/product-catalog/view/oracle-weblogic-server-new/,True,False,K,SHL assessment for evaluating Oracle WebLogic Server (New). Test type: K
Organic Chemistry (New),https://www.shl.com/solutions/products/product-catalog/view/organic-chemistry-new/,True,False,K,SHL assessment for evaluating Organic Chemistry (New). Test type: K
Paint Technology (New),https://www.shl.com/solutions/products/product-catalog/view/paint-technology-new/,True,False,K,SHL assessment for evaluating Paint Technology (New). Test type: K
Pediatrics (New),https://www.shl.com/solutions/products/product-catalog/view/pediatrics-new/,True,False,K,SHL assessment for evaluating Pediatrics (New). Test type: K
Pega Development (New),https://www.shl.com/solutions/products/product-catalog/view/pega-development-new/,True,False,K,SHL assessment for evaluating Pega Development (New). Test type: K
Perl (New),https://www.shl.com/solutions/products/product-catalog/view/perl-new/,True,False,K,SHL assessment for evaluating Perl (New). Test type: K
Petrochemical Engineering (New),https://www.shl.com/solutions/products/product-catalog/view/petrochemical-engineering-new/,True,False,K,SHL assessment for evaluating Petrochemical Engineering (New). Test type: K
Petroleum Engineering (New),https://www.shl.com/solutions/products/product-catalog/view/petroleum-engineering-new/,True,False,K,SHL assessment for evaluating Petroleum Engineering (New). Test type: K
Pharmaceutical Analysis (New),https://www.shl.com/solutions/products/product-catalog/view/pharmaceutical-analysis-new/,True,False,K,SHL assessment for evaluating Pharmaceutical Analysis (New). Test type: K
Pharmaceutical Chemistry (New),https://www.shl.com/solutions/products/product-catalog/view/pharmaceutical-chemistry-new/,True,False,K,SHL assessment for evaluating Pharmaceutical Chemistry (New). Test type: K
Pharmaceutical Science (New),https://www.shl.com/solutions/products/product-catalog/view/pharmaceutical-science-new/,True,False,K,SHL assessment for evaluating Pharmaceutical Science (New). Test type: K
Pharmaceutics (New),https://www.shl.com/solutions/products/product-catalog/view/pharmaceutics-new/,True,False,K,SHL assessment for evaluating Pharmaceutics (New). Test type: K
Pharmacology (New),https://www.shl.com/solutions/products/product-catalog/view/pharmacology-new/,True,False,K,SHL assessment for evaluating Pharmacology (New). Test type: K
PHP (New),https://www.shl.com/solutions/products/product-catalog/view/php-new/,True,False,K,SHL assessment for evaluating PHP (New). Test type: K
PJM Development Report,https://www.shl.com/solutions/products/product-catalog/view/pjm-development-report/,True,False,CAP,SHL assessment for evaluating PJM Development Report. Test type: CAP
PJM Selection Report,https://www.shl.com/solutions/products/product-catalog/view/pjm-selection-report/,True,False,ACP,SHL assessment for evaluating PJM Selection Report. Test type: ACP
Polymer Engineering (New),https://www.shl.com/solutions/products/product-catalog/view/polymer-engineering-new/,True,False,K,SHL assessment for evaluating Polymer Engineering (New). Test type: K
Power Electronics and Drives (New),https://www.shl.com/solutions/products/product-catalog/view/power-electronics-and-drives-new/,True,False,K,SHL assessment for evaluating Power Electronics and Drives (New). Test type: K
Power System Engineering (New),https://www.shl.com/solutions/products/product-catalog/view/power-system-engineering-new/,True,False,K,SHL assessment for evaluating Power System Engineering (New). Test type: K
Prism (New),https://www.shl.com/solutions/products/product-catalog/view/prism-new/,True,False,K,SHL assessment for evaluating Prism (New). Test type: K
Production and Industrial Engineering (New),https://www.shl.com/solutions/products/product-catalog/view/production-and-industrial-engineering-new/,True,False,K,SHL assessment for evaluating Production and Industrial Engineering (New). Test type: K
Production Engineering (New),https://www.shl.com/solutions/products/product-catalog/view/production-engineering-new/,True,False,K,SHL assessment for evaluating Production Engineering (New). Test type: K
Programming Concepts,https://www.shl.com/solutions/products/product-catalog/view/programming-concepts/,True,True,K,SHL assessment for evaluating Programming Concepts. Test type: K
Project Management (2013),https://www.shl.com/solutions/products/product-catalog/view/project-management-2013/,True,True,K,SHL assessment for evaluating Project Management (2013). Test type: K
Proofreading v1,https://www.shl.com/solutions/products/product-catalog/view/proofreading-v1/,True,False,K,SHL assessment for evaluating Proofreading v1. Test type: K
Python (New),https://www.shl.com/solutions/products/product-catalog/view/python-new/,True,False,K,SHL assessment for evaluating Python (New). Test type: K
R Programming (New),https://www.shl.com/solutions/products/product-catalog/view/r-programming-new/,True,False,K,SHL assessment for evaluating R Programming (New). Test type: K
ReactJS (New),https://www.shl.com/solutions/products/product-catalog/view/reactjs-new/,True,False,K,SHL assessment for evaluating ReactJS (New). Test type: K
Reading Comprehension - English v1,https://www.shl.com/solutions/products/product-catalog/view/reading-comprehension-english-v1/,True,True,A,SHL assessment for evaluating Reading Comprehension - English v1. Test type: A
Reading Comprehension - Spanish v1,https://www.shl.com/solutions/products/product-catalog/view/reading-comprehension-spanish-v1/,True,True,A,SHL assessment for evaluating Reading Comprehension - Spanish v1. Test type: A
Reading Comprehension v2,https://www.shl.com/solutions/products/product-catalog/view/reading-comprehension-v2/,True,True,A,SHL assessment for evaluating Reading Comprehension v2. Test type: A
RemoteWorkQ,https://www.shl.com/solutions/products/product-catalog/view/remoteworkq/,True,False,C,SHL assessment for evaluating RemoteWorkQ. Test type: C
RemoteWorkQ Manager Report,https://www.shl.com/solutions/products/product-catalog/view/remoteworkq-manager-report/,True,False,C,SHL assessment for evaluating RemoteWorkQ Manager Report. Test type: C
RemoteWorkQ Participant Report,https://www.shl.com/solutions/products/product-catalog/view/remoteworkq-participant-report/,True,False,C,SHL assessment for evaluating RemoteWorkQ Participant Report. Test type: C
RESTful Web Services (New),https://www.shl.com/solutions/products/product-catalog/view/restful-web-services-new/,True,False,K,SHL assessment for evaluating RESTful Web Services (New). Test type: K
Retail Sales and Service Simulation,https://www.shl.com/solutions/products/product-catalog/view/retail-sales-and-service-simulation/,True,False,BKSA,SHL assessment for evaluating Retail Sales and Service Simulation. Test type: BKSA
Reviewing Forms - US (R1),https://www.shl.com/solutions/products/product-catalog/view/reviewing-forms-us-r1/,True,False,K,SHL assessment for evaluating Reviewing Forms - US (R1). Test type: K
Ruby (New),https://www.shl.com/solutions/products/product-catalog/view/ruby-new/,True,False,K,SHL assessment for evaluating Ruby (New). Test type: K
Ruby on Rails (New),https://www.shl.com/solutions/products/product-catalog/view/ruby-on-rails-new/,True,False,K,SHL assessment for evaluating Ruby on Rails (New). Test type: K
Sales & Service Phone Simulation,https://www.shl.com/solutions/products/product-catalog/view/sales-and-service-phone-simulation/,True,False,SB,SHL assessment for evaluating Sales & Service Phone Simulation. Test type: SB
Sales & Service Phone Solution,https://www.shl.com/solutions/products/product-catalog/view/sales-and-service-phone-solution/,True,False,BPS,SHL assessment for evaluating Sales & Service Phone Solution. Test type: BPS
Sales Interview Guide,https://www.shl.com/solutions/products/product-catalog/view/sales-interview-guide/,True,False,PP,SHL assessment for evaluating Sales Interview Guide. Test type: PP
Sales Profiler Cards,https://www.shl.com/solutions/products/product-catalog/view/sales-profiler-cards/,True,False,P,SHL assessment for evaluating Sales Profiler Cards. Test type: P
Sales Transformation 1.0 - Individual Contributor,https://www.shl.com/solutions/products/product-catalog/view/sales-transformation-report-individual-contributor/,True,False,P,SHL assessment for evaluating Sales Transformation 1.0 - Individual Contributor. Test type: P
Sales Transformation 2.0 - Individual Contributor,https://www.shl.com/solutions/products/product-catalog/view/salestransformationreport2-0-individualcontributor/,True,False,P,SHL assessment for evaluating Sales Transformation 2.0 - Individual Contributor. Test type: P
Sales Transformation Report 1.0 - Sales Manager,https://www.shl.com/solutions/products/product-catalog/view/sales-transformation-report-sales-manager/,True,False,P,SHL assessment for evaluating Sales Transformation Report 1.0 - Sales Manager. Test type: P
Sales Transformation Report 2.0 - Sales Manager,https://www.shl.com/solutions/products/product-catalog/view/sales-transformation-report-2-0-sales-manager/,True,False,P,SHL assessment for evaluating Sales Transformation Report 2.0 - Sales Manager. Test type: P
Salesforce Development (New),https://www.shl.com/solutions/products/product-catalog/view/salesforce-development-new/,True,False,K,SHL assessment for evaluating Salesforce Development (New). Test type: K
SAP ABAP (Advanced Level) (New),https://www.shl.com/solutions/products/product-catalog/view/sap-abap-advanced-level-new/,True,False,K,SHL assessment for evaluating SAP ABAP (Advanced Level) (New). Test type: K
SAP ABAP (Intermediate Level) (New),https://www.shl.com/solutions/products/product-catalog/view/sap-abap-intermediate-level-new/,True,False,K,SHL assessment for evaluating SAP ABAP (Intermediate Level) (New). Test type: K
SAP Basis (New),https://www.shl.com/solutions/products/product-catalog/view/sap-basis-new/,True,False,K,SHL assessment for evaluating SAP Basis (New). Test type: K
SAP Business Objects WebI (New),https://www.shl.com/solutions/products/product-catalog/view/sap-business-objects-webi-new/,True,False,K,SHL assessment for evaluating SAP Business Objects WebI (New). Test type: K
SAP BW (Business Warehouse) (New),https://www.shl.com/solutions/products/product-catalog/view/sap-bw-business-warehouse-new/,True,False,K,SHL assessment for evaluating SAP BW (Business Warehouse) (New). Test type: K
SAP HCM (Human Capital Management) (New),https://www.shl.com/solutions/products/product-catalog/view/sap-hcm-human-capital-management-new/,True,False,K,SHL assessment for evaluating SAP HCM (Human Capital Management) (New). Test type: K
SAP Hybris (New),https://www.shl.com/solutions/products/product-catalog/view/sap-hybris-new/,True,False,K,SHL assessment for evaluating SAP Hybris (New). Test type: K
SAP Materials Management (New),https://www.shl.com/solutions/products/product-catalog/view/sap-materials-management-new/,True,False,K,SHL assessment for evaluating SAP Materials Management (New). Test type: K
SAP SD (Sales and Distribution) (New),https://www.shl.com/solutions/products/product-catalog/view/sap-sd-sales-and-distribution-new/,True,False,K,SHL assessment for evaluating SAP SD (Sales and Distribution) (New). Test type: K
Search Engine Optimization (New),https://www.shl.com/solutions/products/product-catalog/view/search-engine-optimization-new/,True,False,K,SHL assessment for evaluating Search Engine Optimization (New). Test type: K
Selenium (New),https://www.shl.com/solutions/products/product-catalog/view/selenium-new/,True,False,K,SHL assessment for evaluating Selenium (New). Test type: K
Shell Scripting (New),https://www.shl.com/solutions/products/product-catalog/view/shell-scripting-new/,True,False,K,SHL assessment for evaluating Shell Scripting (New). Test type: K
SHL Verify Interactive - Inductive Reasoning,https://www.shl.com/solutions/products/product-catalog/view/shl-verify-interactive-inductive-reasoning/,True,True,AS,SHL assessment for evaluating SHL Verify Interactive - Inductive Reasoning. Test type: AS
SHL Verify Interactive  Deductive Reasoning,https://www.shl.com/solutions/products/product-catalog/view/shl-verify-interactive-deductive-reasoning/,True,True,AS,SHL assessment for evaluating SHL Verify Interactive  Deductive Reasoning. Test type: AS
SHL Verify Interactive  Numerical Reasoning,https://www.shl.com/solutions/products/product-catalog/view/shl-verify-interactive-numerical-reasoning/,True,True,AS,SHL assessment for evaluating SHL Verify Interactive  Numerical Reasoning. Test type: AS
SHL Verify Interactive G+,https://www.shl.com/solutions/products/product-catalog/view/shl-verify-interactive-g/,True,True,A,SHL assessment for evaluating SHL Verify Interactive G+. Test type: A
SHL Verify Interactive Numerical Calculation,https://www.shl.com/solutions/products/product-catalog/view/shl-verify-interactive-numerical-calculation/,True,True,A,SHL assessment for evaluating SHL Verify Interactive Numerical Calculation. Test type: A
Siebel Development (New),https://www.shl.com/solutions/products/product-catalog/view/siebel-development-new/,True,False,K,SHL assessment for evaluating Siebel Development (New). Test type: K
Smart Interview Live,https://www.shl.com/solutions/products/product-catalog/view/smart-interview-live/,True,False,P,SHL assessment for evaluating Smart Interview Live. Test type: P
Smart Interview Live Coding,https://www.shl.com/solutions/products/product-catalog/view/smart-interview-live-coding/,True,False,K,SHL assessment for evaluating Smart Interview Live Coding. Test type: K
Smart Interview On Demand,https://www.shl.com/solutions/products/product-catalog/view/smart-interview-on-demand/,True,False,P,SHL assessment for evaluating Smart Interview On Demand. Test type: P
Social Media (New),https://www.shl.com/solutions/products/product-catalog/view/social-media-new/,True,False,K,SHL assessment for evaluating Social Media (New). Test type: K
Software Business Analysis,https://www.shl.com/solutions/products/product-catalog/view/software-business-analysis/,True,True,K,SHL assessment for evaluating Software Business Analysis. Test type: K
SonarQube (New),https://www.shl.com/solutions/products/product-catalog/view/sonarqube-new/,True,False,K,SHL assessment for evaluating SonarQube (New). Test type: K
Spelling (U.S.) (New),https://www.shl.com/solutions/products/product-catalog/view/spelling-u-s-new/,True,False,K,SHL assessment for evaluating Spelling (U.S.) (New). Test type: K
Split Screen Typing Test - Form 1,https://www.shl.com/solutions/products/product-catalog/view/split-screen-typing-test-form-1/,True,False,AK,SHL assessment for evaluating Split Screen Typing Test - Form 1. Test type: AK
Spring (New),https://www.shl.com/solutions/products/product-catalog/view/spring-new/,True,False,K,SHL assessment for evaluating Spring (New). Test type: K
SQL (New),https://www.shl.com/solutions/products/product-catalog/view/sql-new/,True,False,K,SHL assessment for evaluating SQL (New). Test type: K
SQL Server (New),https://www.shl.com/solutions/products/product-catalog/view/sql-server-new/,True,False,K,SHL assessment for evaluating SQL Server (New). Test type: K
SQL Server Analysis Services (SSAS) (New),https://www.shl.com/solutions/products/product-catalog/view/sql-server-analysis-services-%28ssas%29-%28new%29/,True,False,K,SHL assessment for evaluating SQL Server Analysis Services (SSAS) (New). Test type: K
SQL Server Integration Services (SSIS) (New),https://www.shl.com/solutions/products/product-catalog/view/sql-server-integration-services-ssis-new/,True,False,K,SHL assessment for evaluating SQL Server Integration Services (SSIS) (New). Test type: K
SQL Server Reporting Services (SSRS) (New),https://www.shl.com/solutions/products/product-catalog/view/sql-server-reporting-services-ssrs-new/,True,False,K,SHL assessment for evaluating SQL Server Reporting Services (SSRS) (New). Test type: K
Statistical Analysis System (New),https://www.shl.com/solutions/products/product-catalog/view/statistical-analysis-system-new/,True,False,K,SHL assessment for evaluating Statistical Analysis System (New). Test type: K
Struts (New),https://www.shl.com/solutions/products/product-catalog/view/struts-new/,True,False,K,SHL assessment for evaluating Struts (New). Test type: K
SVAR - Spoken English (AUS),https://www.shl.com/solutions/products/product-catalog/view/svar-spoken-english-aus/,True,False,S,SHL assessment for evaluating SVAR - Spoken English (AUS). Test type: S
SVAR - Spoken English (Indian Accent)  (New),https://www.shl.com/solutions/products/product-catalog/view/svar-spoken-english-indian-accent-new/,True,False,S,SHL assessment for evaluating SVAR - Spoken English (Indian Accent)  (New). Test type: S
SVAR - Spoken English (U.K.),https://www.shl.com/solutions/products/product-catalog/view/svar-spoken-english-u-k/,True,False,S,SHL assessment for evaluating SVAR - Spoken English (U.K.). Test type: S
SVAR - Spoken English (US)  (New),https://www.shl.com/solutions/products/product-catalog/view/svar-spoken-english-us-new/,True,False,S,SHL assessment for evaluating SVAR - Spoken English (US)  (New). Test type: S
SVAR - Spoken French (Canadian) (New),https://www.shl.com/solutions/products/product-catalog/view/svar-spoken-french-canadian-new/,True,False,S,SHL assessment for evaluating SVAR - Spoken French (Canadian) (New). Test type: S
SVAR - Spoken French (European) (New),https://www.shl.com/solutions/products/product-catalog/view/svar-spoken-french-european-new/,True,False,S,SHL assessment for evaluating SVAR - Spoken French (European) (New). Test type: S
SVAR - Spoken Spanish (Castilian) (New),https://www.shl.com/solutions/products/product-catalog/view/svar-spoken-spanish-castilian-new/,True,False,S,SHL assessment for evaluating SVAR - Spoken Spanish (Castilian) (New). Test type: S
SVAR - Spoken Spanish (North American) (New),https://www.shl.com/solutions/products/product-catalog/view/svar-spoken-spanish-north-american-new/,True,False,S,SHL assessment for evaluating SVAR - Spoken Spanish (North American) (New). Test type: S
Swing (New),https://www.shl.com/solutions/products/product-catalog/view/swing-new/,True,False,K,SHL assessment for evaluating Swing (New). Test type: K
Tableau (New),https://www.shl.com/solutions/products/product-catalog/view/tableau-new/,True,False,K,SHL assessment for evaluating Tableau (New). Test type: K
Telecommunications Engineering (New),https://www.shl.com/solutions/products/product-catalog/view/telecommunications-engineering-new/,True,False,K,SHL assessment for evaluating Telecommunications Engineering (New). Test type: K
Teradata Development (New),https://www.shl.com/solutions/products/product-catalog/view/teradata-development-new/,True,False,K,SHL assessment for evaluating Teradata Development (New). Test type: K
Time Management (U.S.),https://www.shl.com/solutions/products/product-catalog/view/time-management-u-s/,True,True,K,SHL assessment for evaluating Time Management (U.S.). Test type: K
Training Development,https://www.shl.com/solutions/products/product-catalog/view/training-development/,True,True,K,SHL assessment for evaluating Training Development. Test type: K
Typing (New),https://www.shl.com/solutions/products/product-catalog/view/typing-new/,True,False,S,SHL assessment for evaluating Typing (New). Test type: S
UiPath RPA Development (New),https://www.shl.com/solutions/products/product-catalog/view/uipath-rpa-development-new/,True,False,K,SHL assessment for evaluating UiPath RPA Development (New). Test type: K
Universal Competency Framework Interview Guide,https://www.shl.com/solutions/products/product-catalog/view/universal-competency-framework-interview-guide/,True,False,CP,SHL assessment for evaluating Universal Competency Framework Interview Guide. Test type: CP
Universal Competency Framework Job profiling guide,https://www.shl.com/solutions/products/product-catalog/view/universal-competency-framework-job-profiling-guide/,True,False,CP,SHL assessment for evaluating Universal Competency Framework Job profiling guide. Test type: CP
Universal Competency Framework Profiler Cards (44),https://www.shl.com/solutions/products/product-catalog/view/universal-competency-framework-profiler-cards-44/,True,False,CP,SHL assessment for evaluating Universal Competency Framework Profiler Cards (44). Test type: CP
UNIX (New),https://www.shl.com/solutions/products/product-catalog/view/unix-new/,True,False,K,SHL assessment for evaluating UNIX (New). Test type: K
VB.NET (New),https://www.shl.com/solutions/products/product-catalog/view/vb-net-new/,True,False,K,SHL assessment for evaluating VB.NET (New). Test type: K
Verify - Deductive Reasoning,https://www.shl.com/solutions/products/product-catalog/view/verify-deductive-reasoning/,True,True,A,SHL assessment for evaluating Verify - Deductive Reasoning. Test type: A
Verify - Following Instructions,https://www.shl.com/solutions/products/product-catalog/view/verify-following-instructions/,True,False,A,SHL assessment for evaluating Verify - Following Instructions. Test type: A
Verify - G+,https://www.shl.com/solutions/products/product-catalog/view/verify-g/,True,True,A,SHL assessment for evaluating Verify - G+. Test type: A
Verify - General Ability Screen,https://www.shl.com/solutions/products/product-catalog/view/verify-general-ability-screen/,True,True,A,SHL assessment for evaluating Verify - General Ability Screen. Test type: A
Verify - Inductive Reasoning (2014),https://www.shl.com/solutions/products/product-catalog/view/verify-inductive-reasoning-2014/,True,True,A,SHL assessment for evaluating Verify - Inductive Reasoning (2014). Test type: A
Verify - Numerical Ability,https://www.shl.com/solutions/products/product-catalog/view/verify-numerical-ability/,True,True,A,SHL assessment for evaluating Verify - Numerical Ability. Test type: A
Verify - Technical Checking - Next Generation,https://www.shl.com/solutions/products/product-catalog/view/verify-technical-checking-next-generation/,True,False,A,SHL assessment for evaluating Verify - Technical Checking - Next Generation. Test type: A
Verify - Verbal Ability - Next Generation,https://www.shl.com/solutions/products/product-catalog/view/verify-verbal-ability-next-generation/,True,True,A,SHL assessment for evaluating Verify - Verbal Ability - Next Generation. Test type: A
Verify - Working with Information,https://www.shl.com/solutions/products/product-catalog/view/verify-working-with-information/,True,False,A,SHL assessment for evaluating Verify - Working with Information. Test type: A
Verify G+ - Ability Test Report,https://www.shl.com/solutions/products/product-catalog/view/verify-g-ability-test-report/,True,False,A,SHL assessment for evaluating Verify G+ - Ability Test Report. Test type: A
Verify G+ - Candidate Report,https://www.shl.com/solutions/products/product-catalog/view/verify-g-candidate-report/,True,False,A,SHL assessment for evaluating Verify G+ - Candidate Report. Test type: A
Verify Interactive Ability Report,https://www.shl.com/solutions/products/product-catalog/view/verify-interactive-ability-report/,True,False,A,SHL assessment for evaluating Verify Interactive Ability Report. Test type: A
Verify Interactive G+ Candidate Report,https://www.shl.com/solutions/products/product-catalog/view/verify-interactive-g-candidate-report/,True,False,A,SHL assessment for evaluating Verify Interactive G+ Candidate Report. Test type: A
Verify Interactive G+ Report,https://www.shl.com/solutions/products/product-catalog/view/verify-interactive-g-report/,True,False,A,SHL assessment for evaluating Verify Interactive G+ Report. Test type: A
Verify Interactive Process Monitoring,https://www.shl.com/solutions/products/product-catalog/view/verify-interactive-process-monitoring/,True,False,A,SHL assessment for evaluating Verify Interactive Process Monitoring. Test type: A
Virtual Assessment and Development Centers,https://www.shl.com/solutions/products/product-catalog/view/virtual-assessment-and-development-centers/,True,False,P,SHL assessment for evaluating Virtual Assessment and Development Centers. Test type: P
Visual Basic for Applications (New),https://www.shl.com/solutions/products/product-catalog/view/visual-basic-for-applications-new/,True,False,K,SHL assessment for evaluating Visual Basic for Applications (New). Test type: K
Visual Comparison - UK,https://www.shl.com/solutions/products/product-catalog/view/visual-comparison-uk/,True,False,K,SHL assessment for evaluating Visual Comparison - UK. Test type: K
Visual Comparison - US,https://www.shl.com/solutions/products/product-catalog/view/visual-comparison-us/,True,False,K,SHL assessment for evaluating Visual Comparison - US. Test type: K
VLSI and Embedded Systems (New),https://www.shl.com/solutions/products/product-catalog/view/vlsi-and-embedded-systems-new/,True,False,K,SHL assessment for evaluating VLSI and Embedded Systems (New). Test type: K
What Is The Value - US,https://www.shl.com/solutions/products/product-catalog/view/what-is-the-value-us/,True,True,K,SHL assessment for evaluating What Is The Value - US. Test type: K
Workplace Administration Skills (New),https://www.shl.com/solutions/products/product-catalog/view/workplace-administration-skills-new/,True,False,K,SHL assessment for evaluating Workplace Administration Skills (New). Test type: K
Workplace Health and Safety (New),https://www.shl.com/solutions/products/product-catalog/view/workplace-health-and-safety-new/,True,False,K,SHL assessment for evaluating Workplace Health and Safety (New). Test type: K
WriteX - Email Writing (Customer Service) (New),https://www.shl.com/solutions/products/product-catalog/view/writex-email-writing-customer-service-new/,True,False,S,SHL assessment for evaluating WriteX - Email Writing (Customer Service) (New). Test type: S
WriteX - Email Writing (Managerial) (New),https://www.shl.com/solutions/products/product-catalog/view/writex-email-writing-managerial-new/,True,False,S,SHL assessment for evaluating WriteX - Email Writing (Managerial) (New). Test type: S
WriteX - Email Writing (Sales) (New),https://www.shl.com/solutions/products/product-catalog/view/writex-email-writing-sales-new/,True,False,BS,SHL assessment for evaluating WriteX - Email Writing (Sales) (New). Test type: BS
Written English v1,https://www.shl.com/solutions/products/product-catalog/view/written-english-v1/,True,True,K,SHL assessment for evaluating Written English v1. Test type: K
Written Spanish,https://www.shl.com/solutions/products/product-catalog/view/written-spanish/,True,True,K,SHL assessment for evaluating Written Spanish. Test type: K
Zabbix (New),https://www.shl.com/solutions/products/product-catalog/view/zabbix-new/,True,False,K,SHL assessment for evaluating Zabbix (New). Test type: K
360 Digital Report,https://www.shl.com/solutions/products/product-catalog/view/360-digital-report/,True,False,D,SHL assessment for evaluating 360 Digital Report. Test type: D
360 Multi-Rater Feedback System (MFS),https://www.shl.com/solutions/products/product-catalog/view/360-multi-rater-feedback-system-mfs/,True,False,DP,SHL assessment for evaluating 360 Multi-Rater Feedback System (MFS). Test type: DP
